Time,IP,Port,Msg
2024-11-15 13:57:24,192.168.56.1,61402,[192.168.56.1 : 61402] --> hola]
2024-11-15 13:57:40,192.168.56.1,61438,[192.168.56.1 : 61438] --> hola]
2024-11-16 13:30:32,192.168.1.153,56789,[192.168.1.153 : 56789] --> hola]
2024-11-16 13:30:35,192.168.1.153,56801,[192.168.1.153 : 56801] --> hola]
2024-11-16 14:23:16,192.168.1.153,50415,[192.168.1.153 : 50415] --> hola]
2024-11-16 14:23:47,192.168.1.153,50484,[192.168.1.153 : 50484] --> hola]
2024-11-16 14:39:48,192.168.1.153,53373,[192.168.1.153 : 53373] --> hola]
2024-11-16 14:40:01,192.168.1.153,53403,[192.168.1.153 : 53403] --> hola]
2024-11-16 14:43:48,192.168.1.153,53878,[192.168.1.153 : 53878] --> hola]
2024-11-16 14:43:48,192.168.1.153,53879,[192.168.1.153 : 53879] --> hola]
2024-11-16 14:44:02,192.168.1.153,53911,[192.168.1.153 : 53911] --> hola]
2024-11-16 14:44:02,192.168.1.153,53912,[192.168.1.153 : 53912] --> hola]
2024-11-16 14:48:44,192.168.1.153,54479,[192.168.1.153 : 54479] --> hola]
2024-11-16 14:48:44,192.168.1.153,54482,[192.168.1.153 : 54482] --> hola]
2024-11-16 14:52:48,192.168.1.153,54993,[192.168.1.153 : 54993] --> hola]
2024-11-16 14:52:59,192.168.1.153,55015,[192.168.1.153 : 55015] --> hola]
2024-11-16 15:25:11,192.168.1.153,59453,[192.168.1.153 : 59453] --> hola]
2024-11-16 15:41:52,192.168.1.153,61838,[192.168.1.153 : 61838] --> hola]
2024-11-16 15:41:52,192.168.1.153,61839,[192.168.1.153 : 61839] --> hola]
2024-11-16 15:56:11,192.168.1.153,64165,[192.168.1.153 : 64165] --> hola]
2024-11-16 16:21:00,192.168.1.153,51608,[192.168.1.153 : 51608] --> hola]
2024-11-16 16:23:01,192.168.1.153,51910,[192.168.1.153 : 51910] --> hola]
2024-11-16 16:23:17,192.168.1.153,51947,[192.168.1.153 : 51947] --> hola]
2024-11-16 16:39:25,192.168.1.153,54165,[192.168.1.153 : 54165] --> hola]
2024-11-16 16:39:25,192.168.1.153,54166,[192.168.1.153 : 54166] --> hola]
2024-11-16 16:39:52,192.168.1.153,54224,[192.168.1.153 : 54224] --> hola]
2024-11-16 16:39:52,192.168.1.153,54225,[192.168.1.153 : 54225] --> hola]
2024-11-16 16:46:49,192.168.1.153,55219,[192.168.1.153 : 55219] --> hola]
2024-11-16 16:47:25,192.168.1.153,55298,[192.168.1.153 : 55298] --> hola]
2024-11-16 16:48:39,192.168.1.153,55471,[192.168.1.153 : 55471] --> hola]
2024-11-16 16:48:56,192.168.1.153,55512,[192.168.1.153 : 55512] --> hola]
2024-11-16 16:50:16,192.168.1.153,55694,[192.168.1.153 : 55694] --> hola]
2024-11-16 16:50:16,192.168.1.153,55695,[192.168.1.153 : 55695] --> hola]
2024-11-16 16:52:10,192.168.1.153,55963,[192.168.1.153 : 55963] --> hola]
2024-11-16 16:52:11,192.168.1.153,55968,[192.168.1.153 : 55968] --> hola]
2024-11-16 16:54:22,192.168.1.153,56296,[192.168.1.153 : 56296] --> hola]
2024-11-16 16:54:22,192.168.1.153,56297,[192.168.1.153 : 56297] --> hola]
2024-11-16 16:54:44,192.168.1.153,56345,[192.168.1.153 : 56345] --> hola]
2024-11-16 16:54:44,192.168.1.153,56346,[192.168.1.153 : 56346] --> hola]
2024-11-16 16:58:08,192.168.1.153,56830,[192.168.1.153 : 56830] --> hola]
2024-11-16 16:58:08,192.168.1.153,56833,[192.168.1.153 : 56833] --> hola]
2024-11-16 17:04:00,192.168.1.153,57658,[192.168.1.153 : 57658] --> hola]
2024-11-16 17:04:00,192.168.1.153,57659,[192.168.1.153 : 57659] --> hola]
2024-11-16 17:04:20,192.168.1.153,57716,[192.168.1.153 : 57716] --> hola]
2024-11-16 17:04:21,192.168.1.153,57717,[192.168.1.153 : 57717] --> hola]
2024-11-16 17:15:56,192.168.1.153,59381,[192.168.1.153 : 59381] --> hola]
2024-11-16 17:15:56,192.168.1.153,59382,[192.168.1.153 : 59382] --> hola]
2024-11-16 17:27:56,192.168.1.153,61019,[192.168.1.153 : 61019] --> hola]
2024-11-16 17:27:56,192.168.1.153,61020,[192.168.1.153 : 61020] --> hola]
2024-11-16 19:46:22,192.168.1.153,64095,[192.168.1.153 : 64095] --> hola]
2024-11-16 23:22:34,192.168.1.153,56019,[192.168.1.153 : 56019] --> hola]
2024-11-16 23:24:27,192.168.1.153,56244,[192.168.1.153 : 56244] --> hola]
2024-11-16 23:25:55,192.168.1.153,56429,[192.168.1.153 : 56429] --> hola]
2024-11-16 23:26:08,192.168.1.153,56456,[192.168.1.153 : 56456] --> hola]
2024-11-16 23:26:15,192.168.1.153,56471,[192.168.1.153 : 56471] --> hola]
2024-11-17 12:23:21,192.168.1.153,60461,[192.168.1.153 : 60461] --> hola]
2024-11-17 12:31:55,192.168.1.153,61473,[192.168.1.153 : 61473] --> hola]
2024-11-17 12:32:17,192.168.1.153,61520,[192.168.1.153 : 61520] --> hola]
2024-11-17 12:32:17,192.168.1.153,61521,[192.168.1.153 : 61521] --> hola]
2024-11-17 12:32:58,192.168.1.153,61605,[192.168.1.153 : 61605] --> hola]
2024-11-17 12:41:29,192.168.1.153,62653,[192.168.1.153 : 62653] --> hola]
2024-11-17 12:45:40,192.168.1.153,63164,[192.168.1.153 : 63164] --> hola]
2024-11-17 12:45:41,192.168.1.153,63165,[192.168.1.153 : 63165] --> hola]
2024-11-17 12:46:05,192.168.1.153,63215,[192.168.1.153 : 63215] --> hola]
2024-11-17 12:47:16,192.168.1.153,63363,[192.168.1.153 : 63363] --> hola]
2024-11-17 12:47:17,192.168.1.153,63364,[192.168.1.153 : 63364] --> hola]
2024-11-17 12:47:57,192.168.1.153,63447,[192.168.1.153 : 63447] --> hola]
2024-11-17 12:49:16,192.168.1.153,63612,[192.168.1.153 : 63612] --> hola]
2024-11-17 12:49:16,192.168.1.153,63615,[192.168.1.153 : 63615] --> hola]
2024-11-17 12:49:36,192.168.1.153,63657,[192.168.1.153 : 63657] --> hola]
2024-11-17 12:51:30,192.168.1.153,63887,[192.168.1.153 : 63887] --> hola]
2024-11-17 12:51:31,192.168.1.153,63888,[192.168.1.153 : 63888] --> hola]
2024-11-17 12:51:59,192.168.1.153,63951,[192.168.1.153 : 63951] --> hola]
2024-11-17 12:52:12,192.168.1.153,63978,[192.168.1.153 : 63978] --> hola]
2024-11-17 12:54:32,192.168.1.153,64260,[192.168.1.153 : 64260] --> hola]
2024-11-17 12:55:07,192.168.1.153,64336,[192.168.1.153 : 64336] --> hola]
2024-11-17 12:55:41,192.168.1.153,64406,[192.168.1.153 : 64406] --> hola]
2024-11-17 12:55:42,192.168.1.153,64407,[192.168.1.153 : 64407] --> hola]
2024-11-19 15:45:22,192.168.104.176,50321,[192.168.104.176 : 50321] --> hola]
2024-11-19 15:45:27,192.168.104.191,53495,[192.168.104.191 : 53495] --> hola]
2024-11-19 15:45:38,192.168.104.66,56301,[192.168.104.66 : 56301] --> hola]
2024-11-19 15:45:47,192.168.104.146,58137,[192.168.104.146 : 58137] --> hola]
2024-11-20 15:16:09,192.168.1.161,54675,[192.168.1.161 : 54675] --> hola]
2024-11-20 15:16:20,192.168.1.161,54699,[192.168.1.161 : 54699] --> hola]
2024-11-20 15:16:43,192.168.1.161,54747,[192.168.1.161 : 54747] --> hola]
2024-11-20 15:17:02,192.168.1.161,54789,[192.168.1.161 : 54789] --> hola]
2024-11-20 15:52:31,192.168.1.161,61767,[192.168.1.161 : 61767] --> hola]
2024-11-20 15:52:35,192.168.1.161,61777,[192.168.1.161 : 61777] --> hola]
2024-11-20 15:54:04,192.168.1.161,61970,[192.168.1.161 : 61970] --> hola]
2024-11-20 15:54:15,192.168.1.161,61999,[192.168.1.161 : 61999] --> hola]
2024-11-20 15:54:34,192.168.1.161,62040,[192.168.1.161 : 62040] --> hola]
2024-11-20 16:02:06,192.168.1.161,63120,[192.168.1.161 : 63120] --> hola]
2024-11-20 16:02:20,192.168.1.161,63155,[192.168.1.161 : 63155] --> hola]
2024-11-20 16:09:02,192.168.1.161,64022,[192.168.1.161 : 64022] --> hola]
2024-11-20 16:09:10,192.168.1.161,64044,[192.168.1.161 : 64044] --> hola]
2024-11-20 16:21:45,192.168.1.161,49403,[192.168.1.161 : 49403] --> hola]
2024-11-20 16:21:59,192.168.1.161,49697,[192.168.1.161 : 49697] --> hola]
2024-11-20 16:22:20,192.168.1.161,49746,[192.168.1.161 : 49746] --> hola]
2024-11-20 16:22:53,192.168.1.161,49835,[192.168.1.161 : 49835] --> hola]
2024-11-20 16:23:37,192.168.1.161,49941,[192.168.1.161 : 49941] --> hola]
2024-11-20 16:23:37,192.168.1.161,49944,[192.168.1.161 : 49944] --> hola]
2024-11-20 16:25:34,192.168.1.161,50210,[192.168.1.161 : 50210] --> hola]
2024-11-20 16:25:35,192.168.1.161,50211,[192.168.1.161 : 50211] --> hola]
2024-11-20 16:25:45,192.168.1.161,50238,[192.168.1.161 : 50238] --> hola]
2024-11-20 16:25:45,192.168.1.161,50241,[192.168.1.161 : 50241] --> hola]
2024-11-20 16:26:57,192.168.1.161,50398,[192.168.1.161 : 50398] --> hola]
2024-11-20 16:26:58,192.168.1.161,50401,[192.168.1.161 : 50401] --> hola]
2024-11-20 16:32:36,192.168.1.161,51479,[192.168.1.161 : 51479] --> hola]
2024-11-20 16:37:29,192.168.1.161,52197,[192.168.1.161 : 52197] --> hola]
2024-11-20 16:41:50,192.168.1.161,52837,[192.168.1.161 : 52837] --> hola]
2024-11-20 16:41:50,192.168.1.161,52838,[192.168.1.161 : 52838] --> hola]
2024-11-20 16:41:51,192.168.1.161,52841,[192.168.1.161 : 52841] --> hola]
2024-11-20 16:41:51,192.168.1.161,52842,[192.168.1.161 : 52842] --> hola]
2024-11-20 16:41:52,192.168.1.161,52845,[192.168.1.161 : 52845] --> hola]
2024-11-20 16:41:52,192.168.1.161,52846,[192.168.1.161 : 52846] --> hola]
2024-11-20 16:41:53,192.168.1.161,52849,[192.168.1.161 : 52849] --> hola]
2024-11-20 16:41:53,192.168.1.161,52850,[192.168.1.161 : 52850] --> hola]
2024-11-20 16:41:54,192.168.1.161,52853,[192.168.1.161 : 52853] --> hola]
2024-11-20 16:41:54,192.168.1.161,52856,[192.168.1.161 : 52856] --> hola]
2024-11-20 16:41:55,192.168.1.161,52857,[192.168.1.161 : 52857] --> hola]
2024-11-20 16:41:55,192.168.1.161,52860,[192.168.1.161 : 52860] --> hola]
2024-11-20 16:41:56,192.168.1.161,52861,[192.168.1.161 : 52861] --> hola]
2024-11-20 16:41:57,192.168.1.161,52864,[192.168.1.161 : 52864] --> hola]
2024-11-20 16:41:57,192.168.1.161,52865,[192.168.1.161 : 52865] --> hola]
2024-11-20 16:41:58,192.168.1.161,52868,[192.168.1.161 : 52868] --> hola]
2024-11-20 16:42:18,192.168.1.161,52925,[192.168.1.161 : 52925] --> hola]
2024-11-20 16:42:19,192.168.1.161,52931,[192.168.1.161 : 52931] --> hola]
2024-11-20 16:42:19,192.168.1.161,52934,[192.168.1.161 : 52934] --> hola]
2024-11-20 16:42:20,192.168.1.161,52937,[192.168.1.161 : 52937] --> hola]
2024-11-20 16:53:37,192.168.1.161,61636,[192.168.1.161 : 61636] --> hola]
2024-11-20 16:53:52,192.168.1.161,61668,[192.168.1.161 : 61668] --> hola]
2024-11-20 16:54:05,192.168.1.161,61700,[192.168.1.161 : 61700] --> hola]
2024-11-20 16:54:58,192.168.1.161,61813,[192.168.1.161 : 61813] --> hola]
2024-11-20 16:55:38,192.168.1.161,61899,[192.168.1.161 : 61899] --> hola]
2024-11-20 16:55:39,192.168.1.161,61900,[192.168.1.161 : 61900] --> hola]
2024-11-20 17:00:20,192.168.1.161,62512,[192.168.1.161 : 62512] --> hola]
2024-11-20 17:00:21,192.168.1.161,62513,[192.168.1.161 : 62513] --> hola]
2024-11-20 17:01:26,192.168.1.161,62665,[192.168.1.161 : 62665] --> hola]
2024-11-20 17:01:26,192.168.1.161,62666,[192.168.1.161 : 62666] --> hola]
2024-11-20 17:08:49,192.168.1.161,63673,[192.168.1.161 : 63673] --> hola]
2024-11-20 17:09:42,192.168.1.161,63783,[192.168.1.161 : 63783] --> hola]
2024-11-20 17:10:55,192.168.1.161,63949,[192.168.1.161 : 63949] --> hola]
2024-11-20 17:11:18,192.168.1.161,64005,[192.168.1.161 : 64005] --> hola]
2024-11-20 17:11:19,192.168.1.161,64006,[192.168.1.161 : 64006] --> hola]
2024-11-20 17:12:30,192.168.1.161,64161,[192.168.1.161 : 64161] --> hola]
2024-11-20 17:13:10,192.168.1.161,64249,[192.168.1.161 : 64249] --> hola]
2024-11-20 17:15:53,192.168.1.161,64660,[192.168.1.161 : 64660] --> hola]
2024-11-20 17:15:53,192.168.1.161,64661,[192.168.1.161 : 64661] --> hola]
2024-11-20 17:16:27,192.168.1.161,64736,[192.168.1.161 : 64736] --> hola]
2024-11-21 10:37:09,192.168.73.146,63826,[192.168.73.146 : 63826] --> hola]
2024-11-21 10:40:30,192.168.73.146,56800,[192.168.73.146 : 56800] --> hola]
2024-11-22 13:56:30,192.168.104.146,52865,[192.168.104.146 : 52865] --> hola]
2024-11-23 16:01:24,192.168.1.139,52019,[192.168.1.139 : 52019] --> hola]
2024-11-23 16:07:59,192.168.1.139,52916,[192.168.1.139 : 52916] --> hola]
2024-11-23 16:08:42,192.168.1.139,53005,[192.168.1.139 : 53005] --> hola]
2024-11-23 16:10:40,192.168.1.139,53245,[192.168.1.139 : 53245] --> hola]
2024-11-23 16:10:40,192.168.1.139,53248,[192.168.1.139 : 53248] --> hola]
2024-11-23 16:16:21,192.168.1.139,54139,[192.168.1.139 : 54139] --> hola]
2024-11-23 16:16:21,192.168.1.139,54140,[192.168.1.139 : 54140] --> hola]
2024-11-23 16:20:28,192.168.1.139,54632,[192.168.1.139 : 54632] --> hola]
2024-11-23 16:21:29,192.168.1.139,54779,[192.168.1.139 : 54779] --> hola]
2024-11-23 16:24:48,192.168.1.139,55185,[192.168.1.139 : 55185] --> hola]
2024-11-23 16:25:41,192.168.1.139,55299,[192.168.1.139 : 55299] --> hola]
2024-11-23 16:28:46,192.168.1.139,55706,[192.168.1.139 : 55706] --> hola]
2024-11-23 16:28:46,192.168.1.139,55707,[192.168.1.139 : 55707] --> hola]
2024-11-23 16:31:02,192.168.1.139,55983,[192.168.1.139 : 55983] --> hola]
2024-11-23 16:31:02,192.168.1.139,55984,[192.168.1.139 : 55984] --> hola]
2024-11-23 16:37:24,192.168.1.139,56748,[192.168.1.139 : 56748] --> hola]
2024-11-23 16:37:58,192.168.1.139,56819,[192.168.1.139 : 56819] --> hola]
2024-11-23 16:37:58,192.168.1.139,56820,[192.168.1.139 : 56820] --> hola]
2024-11-23 16:37:58,192.168.1.139,56824,[192.168.1.139 : 56824] --> hola]
2024-11-23 16:37:59,192.168.1.139,56825,[192.168.1.139 : 56825] --> hola]
2024-11-23 16:37:59,192.168.1.139,56826,[192.168.1.139 : 56826] --> hola]
2024-11-23 16:37:59,192.168.1.139,56829,[192.168.1.139 : 56829] --> hola]
2024-11-23 16:37:59,192.168.1.139,56830,[192.168.1.139 : 56830] --> hola]
2024-11-23 16:38:00,192.168.1.139,56831,[192.168.1.139 : 56831] --> hola]
2024-11-23 16:38:00,192.168.1.139,56832,[192.168.1.139 : 56832] --> hola]
2024-11-23 16:38:00,192.168.1.139,56835,[192.168.1.139 : 56835] --> hola]
2024-11-23 16:48:52,192.168.1.139,50872,[192.168.1.139 : 50872] --> hola]
2024-11-23 16:48:52,192.168.1.139,50873,[192.168.1.139 : 50873] --> hola]
2024-11-23 16:48:52,192.168.1.139,50875,[192.168.1.139 : 50875] --> hola]
2024-11-23 16:48:52,192.168.1.139,50876,[192.168.1.139 : 50876] --> hola]
2024-11-23 16:48:53,192.168.1.139,50879,[192.168.1.139 : 50879] --> hola]
2024-11-23 16:48:53,192.168.1.139,50880,[192.168.1.139 : 50880] --> hola]
2024-11-23 16:48:53,192.168.1.139,50881,[192.168.1.139 : 50881] --> hola]
2024-11-23 16:48:54,192.168.1.139,50884,[192.168.1.139 : 50884] --> hola]
2024-11-23 16:48:54,192.168.1.139,50885,[192.168.1.139 : 50885] --> hola]
2024-11-23 16:48:54,192.168.1.139,50886,[192.168.1.139 : 50886] --> hola]
2024-11-23 17:03:31,192.168.1.139,55352,[192.168.1.139 : 55352] --> hola]
2024-11-23 17:03:52,192.168.1.139,55403,[192.168.1.139 : 55403] --> hola]
2024-11-23 17:03:53,192.168.1.139,55404,[192.168.1.139 : 55404] --> hola]
2024-11-23 17:08:25,192.168.1.139,56014,[192.168.1.139 : 56014] --> hola]
2024-11-23 17:08:25,192.168.1.139,56015,[192.168.1.139 : 56015] --> hola]
2024-11-23 17:09:43,192.168.1.139,56179,[192.168.1.139 : 56179] --> hola]
2024-11-23 17:09:43,192.168.1.139,56180,[192.168.1.139 : 56180] --> hola]
2024-11-23 17:10:11,192.168.1.139,56238,[192.168.1.139 : 56238] --> hola]
2024-11-23 17:10:11,192.168.1.139,56239,[192.168.1.139 : 56239] --> hola]
2024-11-23 17:25:40,192.168.1.139,59050,[192.168.1.139 : 59050] --> hola]
2024-11-23 17:25:40,192.168.1.139,59053,[192.168.1.139 : 59053] --> hola]
2024-11-23 17:29:59,192.168.1.139,59635,[192.168.1.139 : 59635] --> hola]
2024-11-23 17:29:59,192.168.1.139,59636,[192.168.1.139 : 59636] --> hola]
2024-11-23 17:30:41,192.168.1.139,59732,[192.168.1.139 : 59732] --> hola]
2024-11-23 17:30:41,192.168.1.139,59733,[192.168.1.139 : 59733] --> hola]
2024-11-23 17:31:58,192.168.1.139,59900,[192.168.1.139 : 59900] --> hola]
2024-11-23 18:08:07,192.168.1.139,64904,[192.168.1.139 : 64904] --> hola]
2024-11-23 18:08:08,192.168.1.139,64905,[192.168.1.139 : 64905] --> hola]
2024-11-23 18:08:21,192.168.1.139,64935,[192.168.1.139 : 64935] --> hola]
2024-11-23 18:08:22,192.168.1.139,64938,[192.168.1.139 : 64938] --> hola]
2024-11-23 18:14:06,192.168.1.139,49674,[192.168.1.139 : 49674] --> hola]
2024-11-23 18:26:52,192.168.1.139,51699,[192.168.1.139 : 51699] --> hola]
2024-11-23 18:29:00,192.168.1.139,51988,[192.168.1.139 : 51988] --> hola]
2024-11-23 18:29:00,192.168.1.139,51989,[192.168.1.139 : 51989] --> hola]
2024-11-23 18:29:15,192.168.1.139,52028,[192.168.1.139 : 52028] --> hola]
2024-11-23 18:46:16,192.168.1.139,54025,[192.168.1.139 : 54025] --> hola]
2024-11-23 18:46:27,192.168.1.139,54051,[192.168.1.139 : 54051] --> hola]
2024-11-23 18:46:43,192.168.1.139,54087,[192.168.1.139 : 54087] --> hola]
2024-11-23 18:47:06,192.168.1.139,54135,[192.168.1.139 : 54135] --> hola]
2024-11-23 18:47:52,192.168.1.139,54229,[192.168.1.139 : 54229] --> hola]
2024-11-26 07:23:31,192.168.56.1,52060,[192.168.56.1 : 52060] --> hola]
2024-11-26 07:25:24,192.168.56.1,52074,[192.168.56.1 : 52074] --> hola]
2024-11-26 07:26:19,192.168.56.1,52088,[192.168.56.1 : 52088] --> hola]
2024-11-26 07:27:49,192.168.56.1,52098,[192.168.56.1 : 52098] --> hola]
2024-11-26 07:28:10,192.168.56.1,52110,[192.168.56.1 : 52110] --> hola]
2024-11-26 21:33:06,192.168.1.168,57792,[192.168.1.168 : 57792] --> hola]
2024-11-26 21:33:30,192.168.1.168,57846,[192.168.1.168 : 57846] --> hola]
2024-11-26 21:33:30,192.168.1.168,57847,[192.168.1.168 : 57847] --> hola]
2024-11-26 21:35:00,192.168.1.168,58030,[192.168.1.168 : 58030] --> hola]
2024-11-26 21:35:00,192.168.1.168,58031,[192.168.1.168 : 58031] --> hola]
2024-11-26 21:36:13,192.168.1.168,58185,[192.168.1.168 : 58185] --> hola]
2024-11-27 00:02:49,192.168.1.168,63268,[192.168.1.168 : 63268] --> hola]
2024-11-27 00:04:45,192.168.1.168,63515,[192.168.1.168 : 63515] --> hola]
2024-11-27 00:05:55,192.168.1.168,4300,[192.168.1.168 : 4300] --> hola]
2024-11-27 00:10:34,192.168.1.168,65483,[192.168.1.168 : 65483] --> hola]
2024-11-27 00:12:24,192.168.1.168,51455,[192.168.1.168 : 51455] --> hola]
2024-11-27 10:57:36,172.19.174.53,54709,[172.19.174.53 : 54709] --> hola]
2024-11-27 10:59:00,172.19.174.53,54884,[172.19.174.53 : 54884] --> hola]
2024-11-27 10:59:00,172.19.174.53,54887,[172.19.174.53 : 54887] --> hola]
2024-11-27 10:59:00,172.19.174.53,54889,[172.19.174.53 : 54889] --> hola]
2024-11-27 10:59:00,172.19.174.53,54890,[172.19.174.53 : 54890] --> hola]
2024-11-27 10:59:01,172.19.174.53,54893,[172.19.174.53 : 54893] --> hola]
2024-11-27 10:59:01,172.19.174.53,54894,[172.19.174.53 : 54894] --> hola]
2024-11-27 10:59:01,172.19.174.53,54895,[172.19.174.53 : 54895] --> hola]
2024-11-27 10:59:02,172.19.174.53,54898,[172.19.174.53 : 54898] --> hola]
2024-11-27 10:59:02,172.19.174.53,54899,[172.19.174.53 : 54899] --> hola]
2024-11-27 10:59:03,172.19.174.53,54900,[172.19.174.53 : 54900] --> hola]
2024-11-27 10:59:03,172.19.174.53,54903,[172.19.174.53 : 54903] --> hola]
2024-11-27 10:59:03,172.19.174.53,54904,[172.19.174.53 : 54904] --> hola]
2024-11-27 10:59:04,172.19.174.53,54907,[172.19.174.53 : 54907] --> hola]
2024-11-27 10:59:04,172.19.174.53,54908,[172.19.174.53 : 54908] --> hola]
2024-11-27 10:59:05,172.19.174.53,54911,[172.19.174.53 : 54911] --> hola]
2024-11-27 10:59:05,172.19.174.53,54912,[172.19.174.53 : 54912] --> hola]
2024-11-27 10:59:06,172.19.174.53,54915,[172.19.174.53 : 54915] --> hola]
2024-11-27 10:59:06,172.19.174.53,54916,[172.19.174.53 : 54916] --> hola]
2024-11-27 10:59:07,172.19.174.53,54917,[172.19.174.53 : 54917] --> hola]
2024-11-27 10:59:07,172.19.174.53,54920,[172.19.174.53 : 54920] --> hola]
2024-11-27 10:59:08,172.19.174.53,54921,[172.19.174.53 : 54921] --> hola]
2024-11-27 10:59:08,172.19.174.53,54924,[172.19.174.53 : 54924] --> hola]
2024-11-27 10:59:08,172.19.174.53,54925,[172.19.174.53 : 54925] --> hola]
2024-11-27 10:59:09,172.19.174.53,54928,[172.19.174.53 : 54928] --> hola]
2024-11-27 10:59:09,172.19.174.53,54929,[172.19.174.53 : 54929] --> hola]
2024-11-27 10:59:10,172.19.174.53,54930,[172.19.174.53 : 54930] --> hola]
2024-11-27 10:59:10,172.19.174.53,54933,[172.19.174.53 : 54933] --> hola]
2024-11-27 11:03:52,172.19.174.53,64400,[172.19.174.53 : 64400] --> hola]
2024-11-27 11:03:52,172.19.174.53,64403,[172.19.174.53 : 64403] --> hola]
2024-11-28 00:31:46,192.168.1.168,59941,[192.168.1.168 : 59941] --> hola]
2024-11-28 00:33:10,192.168.1.168,60117,[192.168.1.168 : 60117] --> hola]
2024-11-28 00:33:38,192.168.1.168,60176,[192.168.1.168 : 60176] --> hola]
2024-11-28 00:33:40,192.168.1.168,60184,[192.168.1.168 : 60184] --> hola]
2024-11-28 00:41:26,192.168.1.168,61362,[192.168.1.168 : 61362] --> hola]
2024-11-28 00:42:56,192.168.1.168,61548,[192.168.1.168 : 61548] --> hola]
2024-11-28 00:43:32,192.168.1.168,61627,[192.168.1.168 : 61627] --> hola]
2024-11-28 00:45:23,192.168.1.168,61861,[192.168.1.168 : 61861] --> hola]
2024-11-28 00:49:40,192.168.1.168,62400,[192.168.1.168 : 62400] --> hola]
2024-11-28 10:54:39,172.19.156.109,56142,[172.19.156.109 : 56142] --> hola]
2024-11-28 10:55:32,172.19.156.109,4000,[172.19.156.109 : 4000] --> hola]
2024-11-28 10:56:35,172.19.156.109,4000,[172.19.156.109 : 4000] --> hola]
2024-11-28 10:56:40,172.19.156.109,4002,[172.19.156.109 : 4002] --> hola]
2024-11-28 10:58:35,172.19.156.109,4000,[172.19.156.109 : 4000] --> hola]
2024-11-28 10:58:43,172.19.156.109,4002,[172.19.156.109 : 4002] --> hola]
2024-11-28 10:59:42,172.19.156.109,56788,[172.19.156.109 : 56788] --> hola]
2024-11-28 10:59:49,172.19.156.109,56806,[172.19.156.109 : 56806] --> hola]
2024-11-28 11:02:02,172.19.156.109,57119,[172.19.156.109 : 57119] --> hola]
2024-11-28 11:02:11,172.19.156.109,57141,[172.19.156.109 : 57141] --> hola]
2024-11-28 11:07:59,172.19.156.109,57861,[172.19.156.109 : 57861] --> hola]
2024-11-28 11:08:20,172.19.156.109,57907,[172.19.156.109 : 57907] --> hola]
2024-11-28 11:10:49,192.168.73.146,57351,[192.168.73.146 : 57351] --> hola]
2024-11-28 11:10:53,192.168.73.146,57363,[192.168.73.146 : 57363] --> hola]
2024-12-08 14:40:47,192.168.1.139,58965,[192.168.1.139 : 4000] --> hola]
2024-12-08 14:41:54,192.168.1.139,59101,[192.168.1.139 : 59101] --> hola]
2024-12-08 14:42:56,192.168.1.139,4000,[192.168.1.139 : 4000] --> hola]
2024-12-08 14:43:26,192.168.1.139,4000,[192.168.1.139 : 4000] --> hola]
2024-12-10 21:03:40,192.168.1.180,4000,[192.168.1.180 : 4000] --> hola]
2024-12-10 21:08:27,192.168.1.180,4000,[192.168.1.180 : 4000] --> hola]
2024-12-10 21:08:51,192.168.1.180,4000,[192.168.1.180 : 4000] --> hola]
2024-12-10 21:17:53,192.168.1.180,4000,[192.168.1.180 : 4000] --> hola]
2024-12-11 16:23:15,192.168.1.5,4000,[192.168.1.5 : 4000] --> hola]
2024-12-11 16:23:35,192.168.1.5,4002,[192.168.1.5 : 4002] --> hola]
2024-12-11 16:36:39,192.168.1.5,4000,[192.168.1.5 : 4000] --> hola]
2024-12-12 10:27:02,192.168.243.191,4000,[192.168.243.191 : 4000] --> hola]
2024-12-12 10:27:12,192.168.243.191,4002,[192.168.243.191 : 4002] --> hola]
2024-12-12 10:31:25,192.168.243.191,4000,[192.168.243.191 : 4000] --> hola]
2024-12-12 10:32:00,192.168.243.191,4002,[192.168.243.191 : 4002] --> hola]
2024-12-13 22:39:34,192.168.1.140,4000,[192.168.1.140 : 4000] --> heNacido]
2024-12-13 23:54:46,192.168.1.140,4000,[192.168.1.140 : 4000] --> heNacido]
2024-12-13 23:54:54,192.168.1.140,4002,[192.168.1.140 : 4002] --> heNacido]
2024-12-13 23:54:59,192.168.1.140,4004,[192.168.1.140 : 4004] --> heNacido]
2024-12-13 23:55:16,192.168.1.140,4006,[192.168.1.140 : 4006] --> heNacido]
2024-12-14 00:04:32,192.168.1.140,4000,[192.168.1.140 : 4000] --> heNacido]
2024-12-14 00:05:06,192.168.1.140,4000,[192.168.1.140 : 4000] --> heNacido]
2024-12-14 00:05:09,192.168.1.140,4002,[192.168.1.140 : 4002] --> heNacido]
2024-12-14 00:05:14,192.168.1.140,4004,[192.168.1.140 : 4004] --> heNacido]
2024-12-14 00:05:18,192.168.1.140,4006,[192.168.1.140 : 4006] --> heNacido]
2024-12-14 00:05:22,192.168.1.140,4008,[192.168.1.140 : 4008] --> heNacido]
2024-12-14 11:32:27,192.168.1.131,4000,[192.168.1.131 : 4000] --> heNacido]
2024-12-14 11:32:31,192.168.1.131,4002,[192.168.1.131 : 4002] --> heNacido]
2024-12-14 11:32:36,192.168.1.131,4004,[192.168.1.131 : 4004] --> heNacido]
2024-12-14 11:32:40,192.168.1.131,4006,[192.168.1.131 : 4006] --> heNacido]
2024-12-14 12:33:18,192.168.1.131,4000,[192.168.1.131 : 4000] --> heNacido]
2024-12-14 12:33:21,192.168.1.131,4002,[192.168.1.131 : 4002] --> heNacido]
2024-12-14 12:33:25,192.168.1.131,4004,[192.168.1.131 : 4004] --> heNacido]
2024-12-14 12:45:06,192.168.1.131,4000,[192.168.1.131 : 4000] --> heNacido]
2024-12-14 12:45:09,192.168.1.131,4002,[192.168.1.131 : 4002] --> heNacido]
2024-12-14 12:45:12,192.168.1.131,4004,[192.168.1.131 : 4004] --> heNacido]
2024-12-14 12:50:48,192.168.1.131,4000,[192.168.1.131 : 4000] --> heNacido]
2024-12-14 12:50:51,192.168.1.131,4002,[192.168.1.131 : 4002] --> heNacido]
2024-12-14 12:52:54,192.168.1.131,4000,[192.168.1.131 : 4000] --> heNacido]
2024-12-14 12:52:56,192.168.1.131,4002,[192.168.1.131 : 4002] --> heNacido]
2024-12-14 12:54:10,192.168.1.131,4000,[192.168.1.131 : 4000] --> heNacido]
2024-12-14 12:54:13,192.168.1.131,4002,[192.168.1.131 : 4002] --> heNacido]
2024-12-14 13:03:43,192.168.1.134,4000,[192.168.1.134 : 4000] --> heNacido]
2024-12-14 13:03:46,192.168.1.134,4002,[192.168.1.134 : 4002] --> heNacido]
2024-12-14 13:05:36,192.168.1.134,4000,[192.168.1.134 : 4000] --> heNacido]
2024-12-14 13:05:39,192.168.1.134,4002,[192.168.1.134 : 4002] --> heNacido]
2024-12-14 13:10:59,192.168.1.134,4000,[192.168.1.134 : 4000] --> heNacido]
2024-12-14 13:11:02,192.168.1.134,4002,[192.168.1.134 : 4002] --> heNacido]
2024-12-14 13:20:19,192.168.1.134,4000,[192.168.1.134 : 4000] --> heNacido]
2024-12-14 13:20:21,192.168.1.134,4002,[192.168.1.134 : 4002] --> heNacido]
2024-12-14 13:27:55,192.168.1.134,4000,[192.168.1.134 : 4000] --> heNacido]
2024-12-14 13:27:58,192.168.1.134,4002,[192.168.1.134 : 4002] --> heNacido]
2024-12-14 13:34:41,192.168.1.134,4000,[192.168.1.134 : 4000] --> heNacido]
2024-12-14 13:34:44,192.168.1.134,4002,[192.168.1.134 : 4002] --> heNacido]
2024-12-14 13:37:07,192.168.1.134,4000,[192.168.1.134 : 4000] --> heNacido]
2024-12-14 13:37:10,192.168.1.134,4002,[192.168.1.134 : 4002] --> heNacido]
2024-12-14 13:37:57,192.168.1.134,4000,[192.168.1.134 : 4000] --> heNacido]
2024-12-14 13:38:00,192.168.1.134,4002,[192.168.1.134 : 4002] --> heNacido]
2024-12-14 13:38:52,192.168.1.134,4000,[192.168.1.134 : 4000] --> heNacido]
2024-12-14 13:38:54,192.168.1.134,4002,[192.168.1.134 : 4002] --> heNacido]
2024-12-14 13:47:40,192.168.1.133,4000,[192.168.1.133 : 4000] --> heNacido]
2024-12-14 13:47:44,192.168.1.133,4002,[192.168.1.133 : 4002] --> heNacido]
2024-12-14 13:49:17,192.168.1.133,4000,[192.168.1.133 : 4000] --> heNacido]
2024-12-14 13:49:21,192.168.1.133,4002,[192.168.1.133 : 4002] --> heNacido]
2024-12-14 13:52:17,192.168.1.133,4000,[192.168.1.133 : 4000] --> heNacido]
2024-12-14 13:52:21,192.168.1.133,4002,[192.168.1.133 : 4002] --> heNacido]
2024-12-14 14:00:35,192.168.1.133,4000,[192.168.1.133 : 4000] --> heNacido]
2024-12-14 14:00:39,192.168.1.133,4002,[192.168.1.133 : 4002] --> heNacido]
2024-12-14 14:01:57,192.168.1.133,4000,[192.168.1.133 : 4000] --> heNacido]
2024-12-14 14:02:01,192.168.1.133,4002,[192.168.1.133 : 4002] --> heNacido]
2024-12-14 14:04:02,192.168.1.133,4000,[192.168.1.133 : 4000] --> heNacido]
2024-12-14 14:04:06,192.168.1.133,4002,[192.168.1.133 : 4002] --> heNacido]
2024-12-14 14:06:04,192.168.1.133,4000,[192.168.1.133 : 4000] --> heNacido]
2024-12-14 14:06:08,192.168.1.133,4002,[192.168.1.133 : 4002] --> heNacido]
2024-12-14 14:07:37,192.168.1.133,4000,[192.168.1.133 : 4000] --> heNacido]
2024-12-14 14:07:42,192.168.1.133,4002,[192.168.1.133 : 4002] --> heNacido]
2024-12-14 14:14:18,192.168.1.133,4000,[192.168.1.133 : 4000] --> heNacido]
2024-12-14 14:14:22,192.168.1.133,4002,[192.168.1.133 : 4002] --> heNacido]
2024-12-14 14:17:23,192.168.1.133,4000,[192.168.1.133 : 4000] --> heNacido]
2024-12-14 14:17:27,192.168.1.133,4002,[192.168.1.133 : 4002] --> heNacido]
2024-12-14 14:18:55,192.168.1.133,4000,[192.168.1.133 : 4000] --> heNacido]
2024-12-14 14:18:59,192.168.1.133,4002,[192.168.1.133 : 4002] --> heNacido]
2024-12-14 14:23:17,192.168.1.133,4000,[192.168.1.133 : 4000] --> heNacido]
2024-12-14 14:23:21,192.168.1.133,4002,[192.168.1.133 : 4002] --> heNacido]
2024-12-14 14:23:26,192.168.1.133,4004,[192.168.1.133 : 4004] --> heNacido]
2024-12-14 14:23:32,192.168.1.133,4006,[192.168.1.133 : 4006] --> heNacido]
2024-12-14 14:26:07,192.168.1.133,4000,[192.168.1.133 : 4000] --> heNacido]
2024-12-14 14:26:11,192.168.1.133,4002,[192.168.1.133 : 4002] --> heNacido]
2024-12-14 15:10:01,192.168.1.133,4000,[192.168.1.133 : 4000] --> heNacido]
2024-12-14 15:10:05,192.168.1.133,4002,[192.168.1.133 : 4002] --> heNacido]
2024-12-14 16:03:08,192.168.1.133,4000,[192.168.1.133 : 4000] --> heNacido]
2024-12-14 16:03:12,192.168.1.133,4002,[192.168.1.133 : 4002] --> heNacido]
2024-12-14 16:03:17,192.168.1.133,4004,[192.168.1.133 : 4004] --> heNacido]
2024-12-14 16:05:35,192.168.1.133,4000,[192.168.1.133 : 4000] --> heNacido]
2024-12-14 16:05:39,192.168.1.133,4002,[192.168.1.133 : 4002] --> heNacido]
2024-12-14 16:06:43,192.168.1.133,4000,[192.168.1.133 : 4000] --> heNacido]
2024-12-14 16:06:47,192.168.1.133,4002,[192.168.1.133 : 4002] --> heNacido]
2024-12-14 16:08:23,192.168.1.133,4000,[192.168.1.133 : 4000] --> heNacido]
2024-12-14 16:08:26,192.168.1.133,4002,[192.168.1.133 : 4002] --> heNacido]
2024-12-14 16:09:08,192.168.1.133,4000,[192.168.1.133 : 4000] --> heNacido]
2024-12-14 16:09:12,192.168.1.133,4002,[192.168.1.133 : 4002] --> heNacido]
2024-12-14 16:10:42,192.168.1.133,4000,[192.168.1.133 : 4000] --> heNacido]
2024-12-14 16:10:46,192.168.1.133,4002,[192.168.1.133 : 4002] --> heNacido]
2024-12-14 16:15:10,192.168.1.133,4000,[192.168.1.133 : 4000] --> heNacido]
2024-12-14 16:15:14,192.168.1.133,4002,[192.168.1.133 : 4002] --> heNacido]
2024-12-14 16:17:01,192.168.1.133,4000,[192.168.1.133 : 4000] --> heNacido]
2024-12-14 16:17:05,192.168.1.133,4002,[192.168.1.133 : 4002] --> heNacido]
2024-12-14 16:23:11,192.168.1.133,4000,[192.168.1.133 : 4000] --> heNacido]
2024-12-14 16:23:15,192.168.1.133,4002,[192.168.1.133 : 4002] --> heNacido]
2024-12-14 16:23:19,192.168.1.133,4004,[192.168.1.133 : 4004] --> heNacido]
2024-12-14 16:23:23,192.168.1.133,4006,[192.168.1.133 : 4006] --> heNacido]
2024-12-14 16:27:50,192.168.1.133,4000,[192.168.1.133 : 4000] --> heNacido]
2024-12-14 16:27:54,192.168.1.133,4002,[192.168.1.133 : 4002] --> heNacido]
2024-12-14 16:27:58,192.168.1.133,4004,[192.168.1.133 : 4004] --> heNacido]
2024-12-14 16:31:32,192.168.1.133,4000,[192.168.1.133 : 4000] --> heNacido]
2024-12-14 16:31:36,192.168.1.133,4002,[192.168.1.133 : 4002] --> heNacido]
2024-12-14 16:31:40,192.168.1.133,4004,[192.168.1.133 : 4004] --> heNacido]
2024-12-14 16:31:44,192.168.1.133,4006,[192.168.1.133 : 4006] --> heNacido]
2024-12-14 16:40:43,192.168.1.133,4000,[192.168.1.133 : 4000] --> heNacido]
2024-12-14 16:40:47,192.168.1.133,4002,[192.168.1.133 : 4002] --> heNacido]
2024-12-14 16:40:51,192.168.1.133,4004,[192.168.1.133 : 4004] --> heNacido]
2024-12-14 16:45:30,192.168.1.133,4000,[192.168.1.133 : 4000] --> heNacido]
2024-12-14 16:45:33,192.168.1.133,4002,[192.168.1.133 : 4002] --> heNacido]
2024-12-14 16:45:37,192.168.1.133,4004,[192.168.1.133 : 4004] --> heNacido]
2024-12-14 16:45:44,192.168.1.133,4006,[192.168.1.133 : 4006] --> heNacido]
2024-12-14 16:45:50,192.168.1.133,4008,[192.168.1.133 : 4008] --> heNacido]
2024-12-14 16:54:33,192.168.1.133,4000,[192.168.1.133 : 4000] --> heNacido]
2024-12-14 16:54:37,192.168.1.133,4002,[192.168.1.133 : 4002] --> heNacido]
2024-12-14 16:54:41,192.168.1.133,4004,[192.168.1.133 : 4004] --> heNacido]
2024-12-15 02:06:14,192.168.1.135,4000,[192.168.1.135 : 4000] --> heNacido]
2024-12-15 02:06:16,192.168.1.135,4002,[192.168.1.135 : 4002] --> heNacido]
2024-12-15 02:06:19,192.168.1.135,4004,[192.168.1.135 : 4004] --> heNacido]
2024-12-15 02:08:49,192.168.1.135,4000,[192.168.1.135 : 4000] --> heNacido]
2024-12-15 02:08:52,192.168.1.135,4002,[192.168.1.135 : 4002] --> heNacido]
2024-12-15 02:08:55,192.168.1.135,4004,[192.168.1.135 : 4004] --> heNacido]
2024-12-15 12:21:41,192.168.1.138,4000,[192.168.1.138 : 4000] --> heNacido]
2024-12-15 12:21:45,192.168.1.138,4002,[192.168.1.138 : 4002] --> heNacido]
2024-12-15 12:40:38,192.168.1.138,4000,[192.168.1.138 : 4000] --> heNacido]
2024-12-15 12:40:41,192.168.1.138,4002,[192.168.1.138 : 4002] --> heNacido]
2024-12-15 13:15:47,192.168.1.138,4000,[192.168.1.138 : 4000] --> heNacido]
2024-12-15 13:15:50,192.168.1.138,4002,[192.168.1.138 : 4002] --> heNacido]
2024-12-15 13:23:09,192.168.1.138,4000,[192.168.1.138 : 4000] --> heNacido]
2024-12-15 13:23:12,192.168.1.138,4002,[192.168.1.138 : 4002] --> heNacido]
2024-12-15 13:29:51,192.168.1.138,4000,[192.168.1.138 : 4000] --> heNacido]
2024-12-15 13:29:54,192.168.1.138,4002,[192.168.1.138 : 4002] --> heNacido]
2024-12-15 13:39:05,192.168.1.138,4000,[192.168.1.138 : 4000] --> heNacido]
2024-12-15 13:39:07,192.168.1.138,4002,[192.168.1.138 : 4002] --> heNacido]
2024-12-15 13:39:15,192.168.1.138,4004,[192.168.1.138 : 4004] --> heNacido]
2024-12-15 13:45:15,192.168.1.138,4000,[192.168.1.138 : 4000] --> heNacido]
2024-12-15 13:45:17,192.168.1.138,4002,[192.168.1.138 : 4002] --> heNacido]
2024-12-15 13:50:44,192.168.1.138,4000,[192.168.1.138 : 4000] --> heNacido]
2024-12-15 13:50:46,192.168.1.138,4002,[192.168.1.138 : 4002] --> heNacido]
2024-12-15 14:39:53,192.168.1.138,4000,[192.168.1.138 : 4000] --> heNacido]
2024-12-15 14:39:57,192.168.1.138,4002,[192.168.1.138 : 4002] --> heNacido]
2024-12-15 14:40:51,192.168.1.138,4000,[192.168.1.138 : 4000] --> heNacido]
2024-12-15 14:40:54,192.168.1.138,4002,[192.168.1.138 : 4002] --> heNacido]
2024-12-15 14:47:04,192.168.1.138,4000,[192.168.1.138 : 4000] --> heNacido]
2024-12-15 14:47:07,192.168.1.138,4002,[192.168.1.138 : 4002] --> heNacido]
2024-12-15 14:48:41,192.168.1.138,4000,[192.168.1.138 : 4000] --> heNacido]
2024-12-15 14:48:46,192.168.1.138,4002,[192.168.1.138 : 4002] --> heNacido]
2024-12-15 14:48:53,192.168.1.138,4004,[192.168.1.138 : 4004] --> heNacido]
2024-12-15 14:48:53,192.168.1.138,4012,[192.168.1.138 : 4012] --> heNacido]
2024-12-15 14:48:53,192.168.1.138,4008,[192.168.1.138 : 4008] --> heNacido]
2024-12-15 14:48:54,192.168.1.138,4006,[192.168.1.138 : 4006] --> heNacido]
2024-12-15 14:48:54,192.168.1.138,4014,[192.168.1.138 : 4014] --> heNacido]
2024-12-15 14:48:54,192.168.1.138,4018,[192.168.1.138 : 4018] --> heNacido]
2024-12-15 14:48:54,192.168.1.138,4010,[192.168.1.138 : 4010] --> heNacido]
2024-12-15 14:48:54,192.168.1.138,4022,[192.168.1.138 : 4022] --> heNacido]
2024-12-15 14:48:54,192.168.1.138,4020,[192.168.1.138 : 4020] --> heNacido]
2024-12-15 14:48:54,192.168.1.138,4016,[192.168.1.138 : 4016] --> heNacido]
2024-12-15 14:48:55,192.168.1.138,4040,[192.168.1.138 : 4040] --> heNacido]
2024-12-15 14:48:55,192.168.1.138,4034,[192.168.1.138 : 4034] --> heNacido]
2024-12-15 14:48:55,192.168.1.138,4032,[192.168.1.138 : 4032] --> heNacido]
2024-12-15 14:48:56,192.168.1.138,4038,[192.168.1.138 : 4038] --> heNacido]
2024-12-15 14:48:56,192.168.1.138,4026,[192.168.1.138 : 4026] --> heNacido]
2024-12-15 14:51:17,192.168.1.138,4000,[192.168.1.138 : 4000] --> heNacido]
2024-12-15 14:51:21,192.168.1.138,4002,[192.168.1.138 : 4002] --> heNacido]
2024-12-15 14:51:29,192.168.1.138,4004,[192.168.1.138 : 4004] --> heNacido]
2024-12-15 14:51:29,192.168.1.138,4010,[192.168.1.138 : 4010] --> heNacido]
2024-12-15 14:51:29,192.168.1.138,4008,[192.168.1.138 : 4008] --> heNacido]
2024-12-15 14:51:29,192.168.1.138,4014,[192.168.1.138 : 4014] --> heNacido]
2024-12-15 14:51:30,192.168.1.138,4006,[192.168.1.138 : 4006] --> heNacido]
2024-12-15 14:51:30,192.168.1.138,4012,[192.168.1.138 : 4012] --> heNacido]
2024-12-15 14:51:30,192.168.1.138,4016,[192.168.1.138 : 4016] --> heNacido]
2024-12-15 14:51:30,192.168.1.138,4018,[192.168.1.138 : 4018] --> heNacido]
2024-12-15 14:51:30,192.168.1.138,4022,[192.168.1.138 : 4022] --> heNacido]
2024-12-15 14:51:30,192.168.1.138,4020,[192.168.1.138 : 4020] --> heNacido]
2024-12-15 14:51:30,192.168.1.138,4026,[192.168.1.138 : 4026] --> heNacido]
2024-12-15 14:51:31,192.168.1.138,4024,[192.168.1.138 : 4024] --> heNacido]
2024-12-15 14:51:31,192.168.1.138,4028,[192.168.1.138 : 4028] --> heNacido]
2024-12-15 14:51:31,192.168.1.138,4030,[192.168.1.138 : 4030] --> heNacido]
2024-12-15 14:51:31,192.168.1.138,4032,[192.168.1.138 : 4032] --> heNacido]
2024-12-15 14:58:05,192.168.1.138,4000,[192.168.1.138 : 4000] --> heNacido]
2024-12-15 14:58:09,192.168.1.138,4002,[192.168.1.138 : 4002] --> heNacido]
2024-12-15 14:59:21,192.168.1.138,4000,[192.168.1.138 : 4000] --> heNacido]
2024-12-15 14:59:25,192.168.1.138,4002,[192.168.1.138 : 4002] --> heNacido]
2024-12-15 15:00:56,192.168.1.138,4000,[192.168.1.138 : 4000] --> heNacido]
2024-12-15 15:01:00,192.168.1.138,4002,[192.168.1.138 : 4002] --> heNacido]
2024-12-15 15:03:49,192.168.1.138,4000,[192.168.1.138 : 4000] --> heNacido]
2024-12-15 15:03:53,192.168.1.138,4002,[192.168.1.138 : 4002] --> heNacido]
2024-12-15 15:04:01,192.168.1.138,4004,[192.168.1.138 : 4004] --> heNacido]
2024-12-15 15:04:01,192.168.1.138,4006,[192.168.1.138 : 4006] --> heNacido]
2024-12-15 15:04:01,192.168.1.138,4008,[192.168.1.138 : 4008] --> heNacido]
2024-12-15 15:04:01,192.168.1.138,4010,[192.168.1.138 : 4010] --> heNacido]
2024-12-15 15:04:01,192.168.1.138,4012,[192.168.1.138 : 4012] --> heNacido]
2024-12-15 15:04:02,192.168.1.138,4014,[192.168.1.138 : 4014] --> heNacido]
2024-12-15 15:04:02,192.168.1.138,4016,[192.168.1.138 : 4016] --> heNacido]
2024-12-15 15:04:02,192.168.1.138,4018,[192.168.1.138 : 4018] --> heNacido]
2024-12-15 15:04:02,192.168.1.138,4020,[192.168.1.138 : 4020] --> heNacido]
2024-12-15 15:04:02,192.168.1.138,4026,[192.168.1.138 : 4026] --> heNacido]
2024-12-15 15:04:02,192.168.1.138,4024,[192.168.1.138 : 4024] --> heNacido]
2024-12-15 15:04:02,192.168.1.138,4034,[192.168.1.138 : 4034] --> heNacido]
2024-12-15 15:04:03,192.168.1.138,4032,[192.168.1.138 : 4032] --> heNacido]
2024-12-15 15:04:03,192.168.1.138,4046,[192.168.1.138 : 4046] --> heNacido]
2024-12-15 15:04:03,192.168.1.138,4030,[192.168.1.138 : 4030] --> heNacido]
2024-12-15 15:04:03,192.168.1.138,4022,[192.168.1.138 : 4022] --> heNacido]
2024-12-15 15:04:03,192.168.1.138,4038,[192.168.1.138 : 4038] --> heNacido]
2024-12-15 15:04:03,192.168.1.138,4040,[192.168.1.138 : 4040] --> heNacido]
2024-12-15 15:04:03,192.168.1.138,4028,[192.168.1.138 : 4028] --> heNacido]
2024-12-15 15:04:03,192.168.1.138,4048,[192.168.1.138 : 4048] --> heNacido]
2024-12-15 15:04:03,192.168.1.138,4036,[192.168.1.138 : 4036] --> heNacido]
2024-12-15 15:04:03,192.168.1.138,4044,[192.168.1.138 : 4044] --> heNacido]
2024-12-15 15:04:03,192.168.1.138,4042,[192.168.1.138 : 4042] --> heNacido]
2024-12-15 15:09:10,192.168.1.138,4000,[192.168.1.138 : 4000] --> heNacido]
2024-12-15 15:09:14,192.168.1.138,4002,[192.168.1.138 : 4002] --> heNacido]
2024-12-15 15:11:07,192.168.1.138,4000,[192.168.1.138 : 4000] --> heNacido]
2024-12-15 15:11:11,192.168.1.138,4002,[192.168.1.138 : 4002] --> heNacido]
2024-12-15 15:14:49,192.168.1.138,4000,[192.168.1.138 : 4000] --> heNacido]
2024-12-15 15:14:53,192.168.1.138,4002,[192.168.1.138 : 4002] --> heNacido]
2024-12-15 15:18:17,192.168.1.138,4000,[192.168.1.138 : 4000] --> heNacido]
2024-12-15 15:18:21,192.168.1.138,4002,[192.168.1.138 : 4002] --> heNacido]
2024-12-15 15:18:29,192.168.1.138,4004,[192.168.1.138 : 4004] --> heNacido]
2024-12-15 15:18:29,192.168.1.138,4006,[192.168.1.138 : 4006] --> heNacido]
2024-12-15 15:18:29,192.168.1.138,4008,[192.168.1.138 : 4008] --> heNacido]
2024-12-15 15:18:30,192.168.1.138,4010,[192.168.1.138 : 4010] --> heNacido]
2024-12-15 15:18:30,192.168.1.138,4014,[192.168.1.138 : 4014] --> heNacido]
2024-12-15 15:18:30,192.168.1.138,4012,[192.168.1.138 : 4012] --> heNacido]
2024-12-15 15:18:30,192.168.1.138,4016,[192.168.1.138 : 4016] --> heNacido]
2024-12-15 15:18:30,192.168.1.138,4022,[192.168.1.138 : 4022] --> heNacido]
2024-12-15 15:18:30,192.168.1.138,4020,[192.168.1.138 : 4020] --> heNacido]
2024-12-15 15:18:30,192.168.1.138,4018,[192.168.1.138 : 4018] --> heNacido]
2024-12-15 15:18:31,192.168.1.138,4028,[192.168.1.138 : 4028] --> heNacido]
2024-12-15 15:18:31,192.168.1.138,4024,[192.168.1.138 : 4024] --> heNacido]
2024-12-15 15:27:27,192.168.1.138,4000,[192.168.1.138 : 4000] --> heNacido]
2024-12-15 15:27:30,192.168.1.138,4002,[192.168.1.138 : 4002] --> heNacido]
2024-12-15 16:03:20,192.168.1.138,4000,[192.168.1.138 : 4000] --> heNacido]
2024-12-15 16:03:24,192.168.1.138,4002,[192.168.1.138 : 4002] --> heNacido]
2024-12-15 16:06:47,192.168.1.138,4000,[192.168.1.138 : 4000] --> heNacido]
2024-12-15 16:06:51,192.168.1.138,4002,[192.168.1.138 : 4002] --> heNacido]
2024-12-15 16:10:14,192.168.1.138,4000,[192.168.1.138 : 4000] --> heNacido]
2024-12-15 16:10:18,192.168.1.138,4002,[192.168.1.138 : 4002] --> heNacido]
2024-12-15 16:10:26,192.168.1.138,4004,[192.168.1.138 : 4004] --> heNacido]
2024-12-15 16:10:26,192.168.1.138,4006,[192.168.1.138 : 4006] --> heNacido]
2024-12-15 16:10:26,192.168.1.138,4008,[192.168.1.138 : 4008] --> heNacido]
2024-12-15 16:10:26,192.168.1.138,4012,[192.168.1.138 : 4012] --> heNacido]
2024-12-15 16:10:27,192.168.1.138,4010,[192.168.1.138 : 4010] --> heNacido]
2024-12-15 16:10:27,192.168.1.138,4014,[192.168.1.138 : 4014] --> heNacido]
2024-12-15 16:10:27,192.168.1.138,4016,[192.168.1.138 : 4016] --> heNacido]
2024-12-15 16:10:27,192.168.1.138,4018,[192.168.1.138 : 4018] --> heNacido]
2024-12-15 16:10:27,192.168.1.138,4022,[192.168.1.138 : 4022] --> heNacido]
2024-12-15 16:10:28,192.168.1.138,4020,[192.168.1.138 : 4020] --> heNacido]
2024-12-15 16:10:28,192.168.1.138,4026,[192.168.1.138 : 4026] --> heNacido]
2024-12-15 16:10:28,192.168.1.138,4024,[192.168.1.138 : 4024] --> heNacido]
2024-12-15 16:16:26,192.168.1.138,4000,[192.168.1.138 : 4000] --> heNacido]
2024-12-15 16:16:30,192.168.1.138,4002,[192.168.1.138 : 4002] --> heNacido]
2024-12-15 16:17:22,192.168.1.138,4000,[192.168.1.138 : 4000] --> heNacido]
2024-12-15 16:17:26,192.168.1.138,4002,[192.168.1.138 : 4002] --> heNacido]
2024-12-15 16:19:57,192.168.1.138,4000,[192.168.1.138 : 4000] --> heNacido]
2024-12-15 16:20:01,192.168.1.138,4002,[192.168.1.138 : 4002] --> heNacido]
2024-12-15 16:22:00,192.168.1.138,4000,[192.168.1.138 : 4000] --> heNacido]
2024-12-15 16:22:04,192.168.1.138,4002,[192.168.1.138 : 4002] --> heNacido]
2024-12-15 16:24:56,192.168.1.138,4000,[192.168.1.138 : 4000] --> heNacido]
2024-12-15 16:25:01,192.168.1.138,4002,[192.168.1.138 : 4002] --> heNacido]
2024-12-15 16:37:12,192.168.1.138,4000,[192.168.1.138 : 4000] --> heNacido]
2024-12-15 16:37:15,192.168.1.138,4002,[192.168.1.138 : 4002] --> heNacido]
2024-12-15 16:37:42,192.168.1.138,4000,[192.168.1.138 : 4000] --> heNacido]
2024-12-15 16:37:46,192.168.1.138,4002,[192.168.1.138 : 4002] --> heNacido]
2024-12-15 16:40:07,192.168.1.138,4000,[192.168.1.138 : 4000] --> heNacido]
2024-12-15 16:40:11,192.168.1.138,4002,[192.168.1.138 : 4002] --> heNacido]
2024-12-15 16:41:26,192.168.1.138,4000,[192.168.1.138 : 4000] --> heNacido]
2024-12-15 16:41:30,192.168.1.138,4002,[192.168.1.138 : 4002] --> heNacido]
2024-12-15 16:41:48,192.168.1.138,4000,[192.168.1.138 : 4000] --> heNacido]
2024-12-15 16:41:52,192.168.1.138,4002,[192.168.1.138 : 4002] --> heNacido]
2024-12-15 16:43:59,192.168.1.138,4000,[192.168.1.138 : 4000] --> heNacido]
2024-12-15 16:44:03,192.168.1.138,4002,[192.168.1.138 : 4002] --> heNacido]
2024-12-15 16:46:02,192.168.1.138,4000,[192.168.1.138 : 4000] --> heNacido]
2024-12-15 16:46:06,192.168.1.138,4002,[192.168.1.138 : 4002] --> heNacido]
2024-12-15 16:50:41,192.168.1.138,4000,[192.168.1.138 : 4000] --> heNacido]
2024-12-15 16:50:45,192.168.1.138,4002,[192.168.1.138 : 4002] --> heNacido]
2024-12-15 16:55:37,192.168.1.138,4000,[192.168.1.138 : 4000] --> heNacido]
2024-12-15 16:55:41,192.168.1.138,4002,[192.168.1.138 : 4002] --> heNacido]
2024-12-15 17:02:16,192.168.1.138,4000,[192.168.1.138 : 4000] --> heNacido]
2024-12-15 17:02:19,192.168.1.138,4002,[192.168.1.138 : 4002] --> heNacido]
2024-12-15 17:11:55,192.168.1.138,4000,[192.168.1.138 : 4000] --> heNacido]
2024-12-15 17:11:58,192.168.1.138,4002,[192.168.1.138 : 4002] --> heNacido]
2024-12-15 17:13:12,192.168.1.138,4000,[192.168.1.138 : 4000] --> heNacido]
2024-12-15 17:13:15,192.168.1.138,4002,[192.168.1.138 : 4002] --> heNacido]
2024-12-15 17:13:52,192.168.1.138,4000,[192.168.1.138 : 4000] --> heNacido]
2024-12-15 17:13:55,192.168.1.138,4002,[192.168.1.138 : 4002] --> heNacido]
2024-12-15 17:15:54,192.168.1.138,4000,[192.168.1.138 : 4000] --> heNacido]
2024-12-15 17:15:57,192.168.1.138,4002,[192.168.1.138 : 4002] --> heNacido]
2024-12-15 19:33:40,192.168.1.187,4000,[192.168.1.187 : 4000] --> heNacido]
2024-12-15 19:33:43,192.168.1.187,4002,[192.168.1.187 : 4002] --> heNacido]
2024-12-15 19:36:11,192.168.1.187,4000,[192.168.1.187 : 4000] --> heNacido]
2024-12-15 19:36:15,192.168.1.187,4002,[192.168.1.187 : 4002] --> heNacido]
2024-12-15 19:41:58,192.168.1.187,4000,[192.168.1.187 : 4000] --> heNacido]
2024-12-15 19:42:02,192.168.1.187,4002,[192.168.1.187 : 4002] --> heNacido]
2024-12-15 19:43:55,192.168.1.187,4000,[192.168.1.187 : 4000] --> heNacido]
2024-12-15 19:43:58,192.168.1.187,4002,[192.168.1.187 : 4002] --> heNacido]
2024-12-15 19:45:07,192.168.1.187,4000,[192.168.1.187 : 4000] --> heNacido]
2024-12-15 19:45:10,192.168.1.187,4002,[192.168.1.187 : 4002] --> heNacido]
2024-12-15 19:46:38,192.168.1.187,4000,[192.168.1.187 : 4000] --> heNacido]
2024-12-15 19:46:42,192.168.1.187,4002,[192.168.1.187 : 4002] --> heNacido]
2024-12-15 19:48:51,192.168.1.187,4000,[192.168.1.187 : 4000] --> heNacido]
2024-12-15 19:48:54,192.168.1.187,4002,[192.168.1.187 : 4002] --> heNacido]
2024-12-15 19:51:08,192.168.1.187,4000,[192.168.1.187 : 4000] --> heNacido]
2024-12-15 19:51:12,192.168.1.187,4002,[192.168.1.187 : 4002] --> heNacido]
2024-12-15 19:54:25,192.168.1.187,4000,[192.168.1.187 : 4000] --> heNacido]
2024-12-15 19:54:29,192.168.1.187,4002,[192.168.1.187 : 4002] --> heNacido]
2024-12-15 19:57:26,192.168.1.187,4000,[192.168.1.187 : 4000] --> heNacido]
2024-12-15 19:57:30,192.168.1.187,4002,[192.168.1.187 : 4002] --> heNacido]
2024-12-15 19:58:27,192.168.1.187,4000,[192.168.1.187 : 4000] --> heNacido]
2024-12-15 19:58:31,192.168.1.187,4002,[192.168.1.187 : 4002] --> heNacido]
2024-12-15 19:59:01,192.168.1.187,4000,[192.168.1.187 : 4000] --> heNacido]
2024-12-15 19:59:05,192.168.1.187,4002,[192.168.1.187 : 4002] --> heNacido]
2024-12-15 19:59:12,192.168.1.187,4006,[192.168.1.187 : 4006] --> heNacido]
2024-12-15 19:59:12,192.168.1.187,4004,[192.168.1.187 : 4004] --> heNacido]
2024-12-15 20:03:54,192.168.1.187,4000,[192.168.1.187 : 4000] --> heNacido]
2024-12-15 20:03:57,192.168.1.187,4002,[192.168.1.187 : 4002] --> heNacido]
2024-12-15 20:04:35,192.168.1.187,4000,[192.168.1.187 : 4000] --> heNacido]
2024-12-15 20:04:39,192.168.1.187,4002,[192.168.1.187 : 4002] --> heNacido]
2024-12-15 20:06:20,192.168.1.187,4000,[192.168.1.187 : 4000] --> heNacido]
2024-12-15 20:06:24,192.168.1.187,4002,[192.168.1.187 : 4002] --> heNacido]
2024-12-15 20:11:32,192.168.1.187,4000,[192.168.1.187 : 4000] --> heNacido]
2024-12-15 20:11:36,192.168.1.187,4002,[192.168.1.187 : 4002] --> heNacido]
2024-12-15 20:14:00,192.168.1.187,4000,[192.168.1.187 : 4000] --> heNacido]
2024-12-15 20:14:04,192.168.1.187,4002,[192.168.1.187 : 4002] --> heNacido]
2024-12-15 20:20:06,192.168.1.187,4000,[192.168.1.187 : 4000] --> heNacido]
2024-12-15 20:20:09,192.168.1.187,4002,[192.168.1.187 : 4002] --> heNacido]
2024-12-15 20:21:45,192.168.1.187,4000,[192.168.1.187 : 4000] --> heNacido]
2024-12-15 20:21:47,192.168.1.187,4002,[192.168.1.187 : 4002] --> heNacido]
2024-12-15 20:22:27,192.168.1.187,4004,[192.168.1.187 : 4004] --> heNacido]
2024-12-15 20:22:27,192.168.1.187,4006,[192.168.1.187 : 4006] --> heNacido]
2024-12-15 20:26:23,192.168.1.187,4000,[192.168.1.187 : 4000] --> heNacido]
2024-12-15 20:26:26,192.168.1.187,4002,[192.168.1.187 : 4002] --> heNacido]
2024-12-15 20:27:12,192.168.1.187,4004,[192.168.1.187 : 4004] --> heNacido]
2024-12-15 20:27:12,192.168.1.187,4006,[192.168.1.187 : 4006] --> heNacido]
2024-12-15 20:27:12,192.168.1.187,4010,[192.168.1.187 : 4010] --> heNacido]
2024-12-15 20:27:12,192.168.1.187,4008,[192.168.1.187 : 4008] --> heNacido]
2024-12-15 20:27:12,192.168.1.187,4012,[192.168.1.187 : 4012] --> heNacido]
2024-12-15 20:27:12,192.168.1.187,4014,[192.168.1.187 : 4014] --> heNacido]
2024-12-15 20:28:40,192.168.1.187,4000,[192.168.1.187 : 4000] --> heNacido]
2024-12-15 20:28:43,192.168.1.187,4002,[192.168.1.187 : 4002] --> heNacido]
2024-12-15 20:29:46,192.168.1.187,4000,[192.168.1.187 : 4000] --> heNacido]
2024-12-15 20:29:49,192.168.1.187,4002,[192.168.1.187 : 4002] --> heNacido]
2024-12-15 20:31:36,192.168.1.187,4000,[192.168.1.187 : 4000] --> heNacido]
2024-12-15 20:31:38,192.168.1.187,4002,[192.168.1.187 : 4002] --> heNacido]
2024-12-15 20:31:49,192.168.1.187,4004,[192.168.1.187 : 4004] --> heNacido]
2024-12-15 23:18:03,192.168.1.187,4000,[192.168.1.187 : 4000] --> heNacido]
2024-12-15 23:18:07,192.168.1.187,4002,[192.168.1.187 : 4002] --> heNacido]
2024-12-15 23:19:48,192.168.1.187,4000,[192.168.1.187 : 4000] --> heNacido]
2024-12-15 23:19:51,192.168.1.187,4002,[192.168.1.187 : 4002] --> heNacido]
2024-12-15 23:21:46,192.168.1.187,4000,[192.168.1.187 : 4000] --> heNacido]
2024-12-15 23:21:50,192.168.1.187,4002,[192.168.1.187 : 4002] --> heNacido]
2024-12-15 23:24:36,192.168.1.187,4000,[192.168.1.187 : 4000] --> heNacido]
2024-12-15 23:24:40,192.168.1.187,4002,[192.168.1.187 : 4002] --> heNacido]
2024-12-15 23:27:06,192.168.1.187,4000,[192.168.1.187 : 4000] --> heNacido]
2024-12-15 23:27:10,192.168.1.187,4002,[192.168.1.187 : 4002] --> heNacido]
2024-12-15 23:29:55,192.168.1.187,4000,[192.168.1.187 : 4000] --> heNacido]
2024-12-15 23:29:59,192.168.1.187,4002,[192.168.1.187 : 4002] --> heNacido]
2024-12-15 23:30:30,192.168.1.187,4000,[192.168.1.187 : 4000] --> heNacido]
2024-12-15 23:30:34,192.168.1.187,4002,[192.168.1.187 : 4002] --> heNacido]
2024-12-15 23:30:41,192.168.1.187,4004,[192.168.1.187 : 4004] --> heNacido]
2024-12-15 23:32:44,192.168.1.187,4000,[192.168.1.187 : 4000] --> heNacido]
2024-12-15 23:32:48,192.168.1.187,4002,[192.168.1.187 : 4002] --> heNacido]
2024-12-15 23:32:55,192.168.1.187,4004,[192.168.1.187 : 4004] --> heNacido]
2024-12-15 23:34:04,192.168.1.187,4000,[192.168.1.187 : 4000] --> heNacido]
2024-12-15 23:34:07,192.168.1.187,4002,[192.168.1.187 : 4002] --> heNacido]
2024-12-15 23:35:27,192.168.1.187,4000,[192.168.1.187 : 4000] --> heNacido]
2024-12-15 23:35:31,192.168.1.187,4002,[192.168.1.187 : 4002] --> heNacido]
2024-12-15 23:35:48,192.168.1.187,4000,[192.168.1.187 : 4000] --> heNacido]
2024-12-15 23:35:52,192.168.1.187,4002,[192.168.1.187 : 4002] --> heNacido]
2024-12-15 23:36:02,192.168.1.187,4004,[192.168.1.187 : 4004] --> heNacido]
2024-12-15 23:36:56,192.168.1.187,4000,[192.168.1.187 : 4000] --> heNacido]
2024-12-15 23:37:00,192.168.1.187,4002,[192.168.1.187 : 4002] --> heNacido]
2024-12-15 23:37:06,192.168.1.187,4004,[192.168.1.187 : 4004] --> heNacido]
2024-12-15 23:38:08,192.168.1.187,4000,[192.168.1.187 : 4000] --> heNacido]
2024-12-15 23:38:11,192.168.1.187,4002,[192.168.1.187 : 4002] --> heNacido]
2024-12-15 23:38:18,192.168.1.187,4004,[192.168.1.187 : 4004] --> heNacido]
2024-12-15 23:38:52,192.168.1.187,4000,[192.168.1.187 : 4000] --> heNacido]
2024-12-15 23:38:56,192.168.1.187,4002,[192.168.1.187 : 4002] --> heNacido]
2024-12-15 23:39:03,192.168.1.187,4004,[192.168.1.187 : 4004] --> heNacido]
2024-12-15 23:39:39,192.168.1.187,4000,[192.168.1.187 : 4000] --> heNacido]
2024-12-15 23:39:43,192.168.1.187,4002,[192.168.1.187 : 4002] --> heNacido]
2024-12-15 23:39:47,192.168.1.187,4004,[192.168.1.187 : 4004] --> heNacido]
2024-12-15 23:39:50,192.168.1.187,4006,[192.168.1.187 : 4006] --> heNacido]
2024-12-15 23:39:58,192.168.1.187,4002,[192.168.1.187 : 4002] --> heNacido]
2024-12-16 15:44:22,192.168.43.207,4000,[192.168.43.207 : 4000] --> heNacido]
2024-12-16 15:44:26,192.168.43.207,4002,[192.168.43.207 : 4002] --> heNacido]
2024-12-16 15:46:54,192.168.43.207,4000,[192.168.43.207 : 4000] --> heNacido]
2024-12-16 15:46:58,192.168.43.207,4002,[192.168.43.207 : 4002] --> heNacido]
2024-12-16 15:47:08,192.168.43.207,4004,[192.168.43.207 : 4004] --> heNacido]
2024-12-16 15:48:35,192.168.43.207,4000,[192.168.43.207 : 4000] --> heNacido]
2024-12-16 15:48:40,192.168.43.207,4002,[192.168.43.207 : 4002] --> heNacido]
2024-12-16 15:48:45,192.168.43.207,4004,[192.168.43.207 : 4004] --> heNacido]
2024-12-16 15:48:46,192.168.43.207,4006,[192.168.43.207 : 4006] --> heNacido]
2024-12-16 15:48:55,192.168.43.207,4002,[192.168.43.207 : 4002] --> heNacido]
2024-12-16 15:50:08,192.168.43.207,4000,[192.168.43.207 : 4000] --> heNacido]
2024-12-16 15:50:12,192.168.43.207,4002,[192.168.43.207 : 4002] --> heNacido]
2024-12-16 15:50:16,192.168.43.207,4004,[192.168.43.207 : 4004] --> heNacido]
2024-12-16 15:50:19,192.168.43.207,4006,[192.168.43.207 : 4006] --> heNacido]
2024-12-16 15:50:20,192.168.43.207,4002,[192.168.43.207 : 4002] --> heNacido]
2024-12-16 15:50:27,192.168.43.207,4010,[192.168.43.207 : 4010] --> heNacido]
2024-12-16 15:50:27,192.168.43.207,4008,[192.168.43.207 : 4008] --> heNacido]
2024-12-16 15:50:29,192.168.43.207,4002,[192.168.43.207 : 4002] --> heNacido]
2024-12-17 18:30:16,192.168.243.146,4000,[192.168.243.146 : 4000] --> heNacido]
2024-12-17 18:30:20,192.168.243.146,4004,[192.168.243.146 : 4004] --> heNacido]
2024-12-17 18:30:24,192.168.243.146,4008,[192.168.243.146 : 4008] --> heNacido]
2024-12-17 18:32:24,192.168.243.146,4000,[192.168.243.146 : 4000] --> heNacido]
2024-12-17 18:32:28,192.168.243.146,4004,[192.168.243.146 : 4004] --> heNacido]
2024-12-17 18:32:32,192.168.243.146,4008,[192.168.243.146 : 4008] --> heNacido]
2024-12-17 18:32:39,192.168.243.146,4014,[192.168.243.146 : 4014] --> heNacido]
2024-12-17 18:32:39,192.168.243.146,4012,[192.168.243.146 : 4012] --> heNacido]
2024-12-17 18:36:36,192.168.243.146,4000,[192.168.243.146 : 4000] --> heNacido]
2024-12-17 18:36:39,192.168.243.146,4004,[192.168.243.146 : 4004] --> heNacido]
2024-12-17 18:36:50,192.168.243.146,4008,[192.168.243.146 : 4008] --> heNacido]
2024-12-17 18:36:59,192.168.243.146,4012,[192.168.243.146 : 4012] --> heNacido]
2024-12-17 18:37:00,192.168.243.146,4004,[192.168.243.146 : 4004] --> heNacido]
2024-12-17 18:43:54,192.168.243.146,4000,[192.168.243.146 : 4000] --> heNacido]
2024-12-17 18:43:56,192.168.243.146,4002,[192.168.243.146 : 4002] --> heNacido]
2024-12-17 18:43:59,192.168.243.146,4004,[192.168.243.146 : 4004] --> heNacido]
2024-12-17 18:44:04,192.168.243.146,4006,[192.168.243.146 : 4006] --> heNacido]
2024-12-17 18:44:07,192.168.243.146,4000,[192.168.243.146 : 4000] --> heNacido]
2024-12-17 18:44:07,192.168.243.146,4008,[192.168.243.146 : 4008] --> heNacido]
2024-12-17 18:47:47,192.168.243.146,4000,[192.168.243.146 : 4000] --> heNacido]
2024-12-17 18:47:50,192.168.243.146,4002,[192.168.243.146 : 4002] --> heNacido]
2024-12-17 18:47:53,192.168.243.146,4004,[192.168.243.146 : 4004] --> heNacido]
2024-12-17 18:48:00,192.168.243.146,4006,[192.168.243.146 : 4006] --> heNacido]
2024-12-17 18:48:03,192.168.243.146,4000,[192.168.243.146 : 4000] --> heNacido]
2024-12-17 18:58:03,192.168.243.146,4000,[192.168.243.146 : 4000] --> heNacido]
2024-12-17 18:58:05,192.168.243.146,4002,[192.168.243.146 : 4002] --> heNacido]
2024-12-17 18:58:08,192.168.243.146,4004,[192.168.243.146 : 4004] --> heNacido]
2024-12-17 18:58:13,192.168.243.146,4006,[192.168.243.146 : 4006] --> heNacido]
2024-12-17 18:58:23,192.168.243.146,4004,[192.168.243.146 : 4004] --> heNacido]
2024-12-17 18:58:26,192.168.243.146,4006,[192.168.243.146 : 4006] --> heNacido]
2024-12-17 19:08:12,192.168.243.146,4000,[192.168.243.146 : 4000] --> heNacido]
2024-12-17 19:08:16,192.168.243.146,4002,[192.168.243.146 : 4002] --> heNacido]
2024-12-17 19:08:20,192.168.243.146,4004,[192.168.243.146 : 4004] --> heNacido]
2024-12-17 19:08:23,192.168.243.146,4006,[192.168.243.146 : 4006] --> heNacido]
2024-12-17 19:08:31,192.168.243.146,4002,[192.168.243.146 : 4002] --> heNacido]
2024-12-17 19:29:40,192.168.243.146,4000,[192.168.243.146 : 4000] --> heNacido]
2024-12-17 19:29:44,192.168.243.146,4002,[192.168.243.146 : 4002] --> heNacido]
2024-12-17 19:29:50,192.168.243.146,4004,[192.168.243.146 : 4004] --> heNacido]
2024-12-17 19:39:37,192.168.243.146,4000,[192.168.243.146 : 4000] --> heNacido]
2024-12-17 19:39:41,192.168.243.146,4002,[192.168.243.146 : 4002] --> heNacido]
2024-12-17 19:39:47,192.168.243.146,4004,[192.168.243.146 : 4004] --> heNacido]
2024-12-17 19:45:14,192.168.243.146,4000,[192.168.243.146 : 4000] --> heNacido]
2024-12-17 19:45:18,192.168.243.146,4002,[192.168.243.146 : 4002] --> heNacido]
2024-12-17 19:45:18,192.168.243.146,4006,[192.168.243.146 : 4006] --> heNacido]
2024-12-17 19:46:16,192.168.243.146,4002,[192.168.243.146 : 4002] --> heNacido]
2024-12-17 19:46:21,192.168.243.146,4006,[192.168.243.146 : 4006] --> heNacido]
2024-12-17 19:46:21,192.168.243.146,4008,[192.168.243.146 : 4008] --> heNacido]
2024-12-17 19:47:19,192.168.243.146,4000,[192.168.243.146 : 4000] --> heNacido]
2024-12-17 19:47:23,192.168.243.146,4006,[192.168.243.146 : 4006] --> heNacido]
2024-12-17 19:47:29,192.168.243.146,4008,[192.168.243.146 : 4008] --> heNacido]
2024-12-17 19:47:29,192.168.243.146,4012,[192.168.243.146 : 4012] --> heNacido]
2024-12-17 19:47:40,192.168.243.146,4000,[192.168.243.146 : 4000] --> heNacido]
2024-12-17 19:49:17,192.168.243.146,4000,[192.168.243.146 : 4000] --> heNacido]
2024-12-17 19:49:21,192.168.243.146,4002,[192.168.243.146 : 4002] --> heNacido]
2024-12-17 19:49:27,192.168.243.146,4004,[192.168.243.146 : 4004] --> heNacido]
2024-12-17 19:52:00,192.168.243.146,4000,[192.168.243.146 : 4000] --> heNacido]
2024-12-17 19:52:03,192.168.243.146,4002,[192.168.243.146 : 4002] --> heNacido]
2024-12-17 19:52:10,192.168.243.146,4004,[192.168.243.146 : 4004] --> heNacido]
2024-12-17 19:53:23,192.168.243.146,4000,[192.168.243.146 : 4000] --> heNacido]
2024-12-17 19:53:27,192.168.243.146,4002,[192.168.243.146 : 4002] --> heNacido]
2024-12-17 19:53:33,192.168.243.146,4004,[192.168.243.146 : 4004] --> heNacido]
2024-12-17 19:54:53,192.168.243.146,4000,[192.168.243.146 : 4000] --> heNacido]
2024-12-17 19:54:56,192.168.243.146,4002,[192.168.243.146 : 4002] --> heNacido]
2024-12-17 19:55:03,192.168.243.146,4004,[192.168.243.146 : 4004] --> heNacido]
2024-12-17 23:57:07,192.168.1.187,4000,[192.168.1.187 : 4000] --> heNacido]
2024-12-17 23:57:11,192.168.1.187,4002,[192.168.1.187 : 4002] --> heNacido]
2024-12-17 23:57:17,192.168.1.187,4004,[192.168.1.187 : 4004] --> heNacido]
2024-12-17 23:58:28,192.168.1.187,4000,[192.168.1.187 : 4000] --> heNacido]
2024-12-17 23:58:33,192.168.1.187,4002,[192.168.1.187 : 4002] --> heNacido]
2024-12-17 23:58:38,192.168.1.187,4004,[192.168.1.187 : 4004] --> heNacido]
2024-12-17 23:58:39,192.168.1.187,4006,[192.168.1.187 : 4006] --> heNacido]
2024-12-17 23:58:42,192.168.1.187,4000,[192.168.1.187 : 4000] --> heNacido]
2024-12-17 23:58:44,192.168.1.187,4008,[192.168.1.187 : 4008] --> heNacido]
2024-12-17 23:58:46,192.168.1.187,4010,[192.168.1.187 : 4010] --> heNacido]
2024-12-17 23:58:49,192.168.1.187,4002,[192.168.1.187 : 4002] --> heNacido]
2024-12-17 23:58:53,192.168.1.187,4006,[192.168.1.187 : 4006] --> heNacido]
2024-12-17 23:58:55,192.168.1.187,4000,[192.168.1.187 : 4000] --> heNacido]
2024-12-17 23:59:11,192.168.1.187,4000,[192.168.1.187 : 4000] --> heNacido]
2024-12-18 00:01:46,192.168.1.187,4000,[192.168.1.187 : 4000] --> heNacido]
2024-12-18 00:01:48,192.168.1.187,4002,[192.168.1.187 : 4002] --> heNacido]
2024-12-18 00:01:51,192.168.1.187,4004,[192.168.1.187 : 4004] --> heNacido]
2024-12-18 00:01:54,192.168.1.187,4006,[192.168.1.187 : 4006] --> heNacido]
2024-12-18 00:01:56,192.168.1.187,4008,[192.168.1.187 : 4008] --> heNacido]
2024-12-18 00:01:57,192.168.1.187,4010,[192.168.1.187 : 4010] --> heNacido]
2024-12-18 00:01:59,192.168.1.187,4002,[192.168.1.187 : 4002] --> heNacido]
2024-12-18 00:02:02,192.168.1.187,4012,[192.168.1.187 : 4012] --> heNacido]
2024-12-18 00:02:04,192.168.1.187,4014,[192.168.1.187 : 4014] --> heNacido]
2024-12-18 00:02:05,192.168.1.187,4016,[192.168.1.187 : 4016] --> heNacido]
2024-12-18 00:02:06,192.168.1.187,4000,[192.168.1.187 : 4000] --> heNacido]
2024-12-18 00:02:06,192.168.1.187,4018,[192.168.1.187 : 4018] --> heNacido]
2024-12-18 00:02:08,192.168.1.187,4002,[192.168.1.187 : 4002] --> heNacido]
2024-12-18 00:02:12,192.168.1.187,4008,[192.168.1.187 : 4008] --> heNacido]
2024-12-18 00:02:12,192.168.1.187,4020,[192.168.1.187 : 4020] --> heNacido]
2024-12-18 00:02:12,192.168.1.187,4022,[192.168.1.187 : 4022] --> heNacido]
2024-12-18 00:02:15,192.168.1.187,4004,[192.168.1.187 : 4004] --> heNacido]
2024-12-18 00:02:15,192.168.1.187,4024,[192.168.1.187 : 4024] --> heNacido]
2024-12-18 00:02:15,192.168.1.187,4000,[192.168.1.187 : 4000] --> heNacido]
2024-12-18 00:02:17,192.168.1.187,4016,[192.168.1.187 : 4016] --> heNacido]
2024-12-18 00:02:19,192.168.1.187,4012,[192.168.1.187 : 4012] --> heNacido]
2024-12-18 00:02:19,192.168.1.187,4006,[192.168.1.187 : 4006] --> heNacido]
2024-12-18 00:02:22,192.168.1.187,4004,[192.168.1.187 : 4004] --> heNacido]
2024-12-18 00:02:23,192.168.1.187,4008,[192.168.1.187 : 4008] --> heNacido]
2024-12-18 00:02:23,192.168.1.187,4010,[192.168.1.187 : 4010] --> heNacido]
2024-12-18 00:02:26,192.168.1.187,4006,[192.168.1.187 : 4006] --> heNacido]
2024-12-18 00:02:28,192.168.1.187,4000,[192.168.1.187 : 4000] --> heNacido]
2024-12-18 00:02:29,192.168.1.187,4016,[192.168.1.187 : 4016] --> heNacido]
2024-12-18 00:02:32,192.168.1.187,4012,[192.168.1.187 : 4012] --> heNacido]
2024-12-18 00:02:34,192.168.1.187,4018,[192.168.1.187 : 4018] --> heNacido]
2024-12-18 00:02:34,192.168.1.187,4022,[192.168.1.187 : 4022] --> heNacido]
2024-12-18 00:02:35,192.168.1.187,4002,[192.168.1.187 : 4002] --> heNacido]
2024-12-18 00:02:44,192.168.1.187,4006,[192.168.1.187 : 4006] --> heNacido]
2024-12-18 00:09:30,192.168.1.187,4000,[192.168.1.187 : 4000] --> heNacido]
2024-12-18 00:09:33,192.168.1.187,4002,[192.168.1.187 : 4002] --> heNacido]
2024-12-18 00:09:36,192.168.1.187,4004,[192.168.1.187 : 4004] --> heNacido]
2024-12-18 00:09:38,192.168.1.187,4006,[192.168.1.187 : 4006] --> heNacido]
2024-12-18 00:09:40,192.168.1.187,4008,[192.168.1.187 : 4008] --> heNacido]
2024-12-18 00:09:40,192.168.1.187,4010,[192.168.1.187 : 4010] --> heNacido]
2024-12-18 00:09:41,192.168.1.187,4012,[192.168.1.187 : 4012] --> heNacido]
2024-12-18 00:09:43,192.168.1.187,4002,[192.168.1.187 : 4002] --> heNacido]
2024-12-18 00:09:47,192.168.1.187,4004,[192.168.1.187 : 4004] --> heNacido]
2024-12-18 00:09:49,192.168.1.187,4014,[192.168.1.187 : 4014] --> heNacido]
2024-12-18 00:09:49,192.168.1.187,4016,[192.168.1.187 : 4016] --> heNacido]
2024-12-18 00:09:50,192.168.1.187,4006,[192.168.1.187 : 4006] --> heNacido]
2024-12-18 00:09:51,192.168.1.187,4018,[192.168.1.187 : 4018] --> heNacido]
2024-12-18 00:09:52,192.168.1.187,4020,[192.168.1.187 : 4020] --> heNacido]
2024-12-18 00:09:57,192.168.1.187,4008,[192.168.1.187 : 4008] --> heNacido]
2024-12-18 00:09:57,192.168.1.187,4012,[192.168.1.187 : 4012] --> heNacido]
2024-12-18 00:09:59,192.168.1.187,4002,[192.168.1.187 : 4002] --> heNacido]
2024-12-18 00:10:01,192.168.1.187,4006,[192.168.1.187 : 4006] --> heNacido]
2024-12-18 00:10:03,192.168.1.187,4010,[192.168.1.187 : 4010] --> heNacido]
2024-12-18 00:10:07,192.168.1.187,4014,[192.168.1.187 : 4014] --> heNacido]
2024-12-18 00:10:48,192.168.1.187,4000,[192.168.1.187 : 4000] --> heNacido]
2024-12-18 00:10:50,192.168.1.187,4002,[192.168.1.187 : 4002] --> heNacido]
2024-12-18 00:10:53,192.168.1.187,4004,[192.168.1.187 : 4004] --> heNacido]
2024-12-18 00:10:58,192.168.1.187,4006,[192.168.1.187 : 4006] --> heNacido]
2024-12-18 00:11:01,192.168.1.187,4000,[192.168.1.187 : 4000] --> heNacido]
